Output,MAE Mean CV,MAE,R2,Min value,Max value
"CIS_P,CIS_P_Score",3.696164556716696,3.404934013434609,0.7657827267829616,0.0,49.0
"WHODAS_P,WHODAS_P_Total",7.364274531688299,7.285894761075142,0.4826167725986845,0.0,75.0
"CIS_SR,CIS_SR_Total",4.999806493680598,4.529761151604189,0.477074898469118,0.0,47.0
"PreInt_EduHx,recent_grades",0.7017434895040164,0.6827838671008123,0.39546098881255065,1.0,5.0
"WISC,WISC_PSI",10.065670923280804,9.591644999535465,0.3646915698089155,45.0,155.0
"PCIAT,PCIAT_Total",12.981305752068446,12.824494322809045,0.2992236428354318,0.0,93.0
"IAT,IAT_Total",12.149786368152716,11.248264106351915,0.2727913168832097,0.0,94.0
"WHODAS_SR,WHODAS_SR_Score",9.538119496154144,9.345973616225002,0.27132298456405735,0.0,100.0
