Output,MAE Mean CV,MAE,R2,Min value,Max value
"CIS_P,CIS_P_Score",3.726798685742033,3.6270813000043076,0.7312397992155708,0.0,49.0
"WHODAS_P,WHODAS_P_Total",7.808229280471658,7.335313771726489,0.5057833729367234,0.0,81.25
"CIS_SR,CIS_SR_Total",4.953669703398419,4.812964402266744,0.39519488973763217,0.0,47.0
"PreInt_EduHx,recent_grades",0.7107501682159861,0.6933491285375757,0.3860021431349181,1.0,5.0
"WHODAS_SR,WHODAS_SR_Score",9.555167171018809,8.709592445603509,0.32835599896510737,0.0,100.0
"PCIAT,PCIAT_Total",12.631403157235043,13.379319043062775,0.3161916248448279,0.0,93.0
"IAT,IAT_Total",11.864890732943158,12.386260258662448,0.1255576918278306,0.0,94.0
