Output,MAE Mean CV,MAE,R2,Min value,Max value
"CIS_P,CIS_P_Score",3.613,3.740679354,0.700708164,0,49
"WHODAS_P,WHODAS_P_Total",7.443,7.146316849,0.529233527,0,75
"PreInt_EduHx,recent_grades",0.683,0.673194396,0.398714943,1,5
"CIS_SR,CIS_SR_Total",5.32,5.260200348,0.382254194,0,47
"PCIAT,PCIAT_Total",12.966,12.95637941,0.288428259,0,93
"WISC,WISC_PSI",10.097,10.23238537,0.286102373,45,155
"WHODAS_SR,WHODAS_SR_Score",9.986,10.53369234,0.186507835,0,100
"IAT,IAT_Total",12.403,12.23879038,0.153520768,0,94
,7.813875,,0.365683758,,