Output,MAE Mean CV,MAE,R2,Min value,Max value
"CIS_P,CIS_P_Score",3.873,3.67467755,0.710197418,0,49
"WHODAS_P,WHODAS_P_Total",7.638,7.626070963,0.474460266,0,75
"PreInt_EduHx,recent_grades",0.702,0.689075598,0.353975328,1,5
"WISC,WISC_PSI",10.054,10.39626588,0.330845221,45,155
"PCIAT,PCIAT_Total",13.349,13.59064621,0.308315277,0,93
"IAT,IAT_Total",13.375,13.71399279,0.054032037,0,100
"CIS_SR,CIS_SR_Total",6.685,6.535067149,0.036601887,0,47
"WHODAS_SR,WHODAS_SR_Score",11.646,11.92750729,0.035001414,0,100
,8.41525,,0.287928606,,