Output,MAE Mean CV,MAE,R2,Min value,Max value
"CIS_P,CIS_P_Score",3.552684493632441,3.601103383343972,0.7322238300474153,0.0,49.0
"WHODAS_P,WHODAS_P_Total",7.480408647716051,7.716013490392839,0.4674880304438316,0.0,81.25
"PreInt_EduHx,recent_grades",0.7267970660301222,0.7169108850616954,0.35016767842615326,1.0,5.0
"PCIAT,PCIAT_Total",13.01110669923398,13.297176530471646,0.3221709310991481,0.0,93.0
"IAT,IAT_Total",13.415487039232168,13.463437144374726,0.07757318192998541,0.0,100.0
"CIS_SR,CIS_SR_Total",6.735980978601064,6.61725077213036,0.06683101596268803,0.0,47.0
"WHODAS_SR,WHODAS_SR_Score",11.38280854019851,11.813299910398948,0.019745440478372234,0.0,100.0
