Output,MAE Mean CV,MAE,R2,Min value,Max value
"CIS_P,CIS_P_Score",3.49,3.612722088,0.70881859,0,49
"WHODAS_P,WHODAS_P_Total",7.511,6.964984199,0.549734745,0,75
"WISC,WISC_PSI",10.084,9.983404667,0.357889411,45,155
"PCIAT,PCIAT_Total",13.252,12.71248867,0.325061884,0,93
"PreInt_EduHx,recent_grades",0.691,0.723094563,0.290997519,1,5
"CIS_SR,CIS_SR_Total",6.034,6.070051014,0.166309454,0,47
"IAT,IAT_Total",13.173,13.53810922,0.120920026,0,100
"WHODAS_SR,WHODAS_SR_Score",11.268,11.84329567,0.023717938,0,100
,8.187875,,0.317931196,,