Output,MAE Mean CV,MAE,Min value,Max value
"PCIAT,PCIAT_Total",12.631403157235043,13.379319043062775,0.0,93.0
"IAT,IAT_Total",11.864890732943158,12.386260258662448,0.0,94.0
"PreInt_EduHx,recent_grades",0.7107501682159861,0.6933491285375757,1.0,5.0
"WHODAS_P,WHODAS_P_Total",7.808229280471658,7.335313771726489,0.0,81.25
"WHODAS_SR,WHODAS_SR_Score",9.555167171018809,8.709592445603509,0.0,100.0
"CIS_P,CIS_P_Score",3.726798685742033,3.6270813000043076,0.0,49.0
"CIS_SR,CIS_SR_Total",4.953669703398419,4.812964402266744,0.0,47.0
