Output,MAE Mean CV,MAE SD CV,MAE Mean CV - SD,MAE,Min value,Max value
"PCIAT,PCIAT_Total",12.631403157235043,0.4243833480979112,12.207019809137131,13.379319043062775,0.0,93.0
"IAT,IAT_Total",11.864890732943158,0.5932286249155144,11.271662108027645,12.386260258662448,0.0,94.0
"WHODAS_SR,WHODAS_SR_Score",9.555167171018809,0.375673637057171,9.179493533961637,8.709592445603509,0.0,100.0
"WHODAS_P,WHODAS_P_Total",7.808229280471658,0.348611838693615,7.459617441778043,7.335313771726489,0.0,81.25
"CIS_SR,CIS_SR_Total",4.953669703398419,0.3624979575880371,4.591171745810382,4.812964402266744,0.0,47.0
"CIS_P,CIS_P_Score",3.726798685742033,0.127851264736733,3.5989474210052994,3.6270813000043076,0.0,49.0
"PreInt_EduHx,recent_grades",0.7107501682159861,0.0343346894466074,0.6764154787693787,0.6933491285375757,1.0,5.0
