Output,MAE Mean CV,MAE,R2,Min value,Max value
"CIS_P,CIS_P_Score",3.697790522368551,3.6743179929698355,0.7255541093349658,0.0,49.0
"WHODAS_P,WHODAS_P_Total",7.54111831464721,7.3477151348520175,0.48980390475105384,0.0,81.25
"PreInt_EduHx,recent_grades",0.6811789860918234,0.6612727357353955,0.4145589973306678,1.0,5.0
"CIS_SR,CIS_SR_Total",4.8293085798421815,4.887656332268773,0.36975809724625375,0.0,47.0
"PCIAT,PCIAT_Total",12.53948070799217,13.355125158871893,0.3196594777217999,0.0,93.0
"WHODAS_SR,WHODAS_SR_Score",9.431961692485778,8.761820974619917,0.2786613239311655,0.0,100.0
"IAT,IAT_Total",11.550979687542316,12.363252677482356,0.1262335533446478,0.0,94.0
