Output,MAE Mean CV,MAE,R2,Min value,Max value
"CIS_P,CIS_P_Score",3.596,3.5486953043528286,0.7071143573999727,0.0,49.0
"WHODAS_P,WHODAS_P_Total",7.41,7.2481473013799755,0.41565399048049634,0.0,75.0
"PreInt_EduHx,recent_grades",0.69,0.6696851280409063,0.39972996496496405,1.0,5.0
"WISC,WISC_PSI",9.968,9.573267232779878,0.3679484018330116,45.0,155.0
"PCIAT,PCIAT_Total",12.707,12.546328115768953,0.3571091558988072,0.0,93.0
"CIS_SR,CIS_SR_Total",5.261,5.234222322679418,0.3412812584895649,0.0,47.0
"WHODAS_SR,WHODAS_SR_Score",9.738,9.376524503257459,0.21207097890360216,0.0,100.0
"IAT,IAT_Total",12.215,11.592293735223507,0.20041262633871393,0.0,94.0
